id;title;description;due_date;completed
1;oh portly mid;woot;2024-08-14;true
2;as crazy oasis;thankfully ack up;2024-08-14;true
3;less sculpture positively;muted;2024-08-13;false
4;why hm;idealistic;2024-08-14;false
5;and wide-eyed liaise;brr;2024-08-13;false
6;pension;vice nervously bulldoze;2024-08-14;true
7;sure-footed;ick finally;2024-08-13;true
8;enchanting;whereas;2024-08-14;false
9;beyond prime meh;locker fervently;2024-08-13;true
10;within goldbrick coax;representative throughout above;2024-08-14;false
